Loc,Cmp,To ship,Customer,order,qty,shipdate,comments,,# of cases,,Entered on sheet,To Finishing,To Shipping
m0,TRUE,3,corp,s51504,3,1/5,-,,,,12/20     8:51AM,1/2     1:29PM,1/2     1:29PM
m0,TRUE,2,corp,s51506,14,1/4,-,,,,12/20     8:49AM,1/2     1:29PM,1/2     1:29PM
m0,TRUE,0,corp,s51518,2,1/2,-,,,,1/2     6:17AM,1/2     1:29PM,1/2     1:29PM
m5,TRUE,9,corp,s51544,50,1/17,-,,,,1/2     6:16AM,1/2     3:22PM,1/2     3:22PM
m9,TRUE,14,bcs,756752,48,12/17,-,,,,12/7     11:44AM,1/2     3:23PM,1/2     3:23PM
m9,TRUE,14,bcs,702418,36,12/17,-,,,,12/7     11:44AM,1/2     3:26PM,1/2     3:26PM
m9,TRUE,14,bcs,702425,14,12/17,-,,,,12/7     11:44AM,1/2     3:26PM,1/2     3:26PM
m9,TRUE,14,bcs,725182,72,12/17,-,,,,12/7     11:44AM,1/2     3:26PM,1/2     3:26PM
m10,TRUE,14,bcs,726659,102,12/17,-,,,,12/7     11:44AM,1/2     3:27PM,1/2     3:27PM
m8,TRUE,15,bcs,764523,156,12/17,-,,,,12/7     11:44AM,1/3     1:39PM,1/3     1:39PM
m8,TRUE,1,corp,s51507,44,1/4,-,,,,12/20     8:50AM,1/3     1:39PM,1/3     1:39PM
m4,TRUE,2,corp,s51155,288,1/6,-,,,,12/20     8:51AM,1/3     3:23PM,1/3     3:23PM
m0,TRUE,0,corp,s51548,24,1/4,-,,,,1/2     11:49AM,1/4     8:47AM,1/4     8:47AM
m2,TRUE,9,camp,686417,48,12/29,-,,,,12/19     1:00PM,1/3     1:42PM,1/4     1:42PM
m2,TRUE,9,camp,687248,48,12/29,-,,,,12/19     1:00PM,1/3     1:42PM,1/4     1:42PM
m6,TRUE,15,camp,668814,144,12/17,-,,,,12/7     9:44AM,1/3     1:47PM,1/4     1:47PM
m10,TRUE,17,bcs,718785,48,12/17,-,,,,12/7     11:44AM,1/4     3:37PM,1/4     3:37PM
m0,TRUE,0,corp,s50841,17,1/5,-,,,,1/3     3:01PM,1/5     7:41AM,1/5     7:41AM
m0,TRUE,4,corp,s51542,15,1/12,-,,,,1/4     5:36AM,1/5     7:41AM,1/5     7:41AM
m0,TRUE,4,corp,s51565,12,1/12,-,,,,1/4     8:43AM,1/5     7:41AM,1/5     7:41AM
m9,TRUE,3,camp,688166,71,1/12,-,,,,1/2     8:10AM,1/4     3:32PM,1/5     3:32PM
m5,TRUE,3,camp,686466,96,1/12,-,,,,1/2     8:10AM,1/4     3:35PM,1/5     3:35PM
m10,TRUE,3,camp,689439,288,1/12,-,,,,1/2     8:10AM,1/4     4:45PM,1/5     4:45PM
m8,TRUE,2,corp,s51546,72,1/11,-,,,,1/4     11:28AM,1/9     12:37PM,1/9     12:37PM
m7,TRUE,2,corp,s51551,48,1/11,-,,,,1/6     8:39AM,1/9     12:39PM,1/9     12:39PM
m7,TRUE,-3,corp,s51577,70,1/5,-,,,,1/4     11:28AM,1/9     12:39PM,1/9     12:39PM
m8,TRUE,1,corp,s51520,26,1/10,-,,,,1/5     10:11AM,1/9     12:43PM,1/9     12:43PM
m7,TRUE,3,corp,s51581,50,1/12,-,,,,1/9     6:40AM,1/9     3:30PM,1/9     3:30PM
m8,TRUE,3,corp,s51556,40,1/13,-,,,,1/6     8:40AM,1/9     3:36PM,1/9     3:36PM
m0,TRUE,3,corp,s51574,4,1/12,-,,,,1/4     4:51PM,1/9     3:39PM,1/9     3:39PM
m0,TRUE,3,corp,s51532,22,1/12,-,,,,1/2     6:22AM,1/9     3:40PM,1/9     3:40PM
m0,TRUE,4,corp,s51588,1,1/17,-,,,,1/10     5:42AM,1/10     7:58AM,1/10     7:58AM
m0,TRUE,0,corp,s51636,1,1/10,-,,,,1/10     5:40AM,1/10     7:58AM,1/10     7:58AM
m0,TRUE,0,corp,s51637,1,1/10,-,,,,1/10     5:40AM,1/10     7:58AM,1/10     7:58AM
m0,TRUE,1,corp,s51578,11,1/11,-,,,,1/5     10:11AM,1/10     7:59AM,1/10     7:59AM
m8,TRUE,2,corp,s51567,18,1/12,-,,,,1/6     8:39AM,1/10     9:46AM,1/10     9:46AM
m8,TRUE,4,corp,S51540,50,1/18,-,,,,1/4     2:41PM,1/11     7:32AM,1/11     7:32AM
m8,TRUE,3,corp,s51583,39,1/17,-,,,,1/10     5:41AM,1/11     7:32AM,1/11     7:32AM
m0,TRUE,-4,corp,s51571,11,1/9,-,,,,1/9     6:39AM,1/11     7:33AM,1/11     7:33AM
m0,TRUE,2,corp,s51573,24,1/16,-,,,,1/9     6:43AM,1/11     7:33AM,1/11     7:33AM
m8,TRUE,1,camp,688291,48,1/19,-,,,,1/9     11:33AM,1/10     7:55AM,1/11     7:55AM
m8,TRUE,1,camp,676965,48,1/19,-,,,,1/9     11:33AM,1/10     9:46AM,1/11     9:46AM
m7,TRUE,1,camp,679198,72,1/19,-,,,,1/9     11:33AM,1/10     11:20AM,1/11     11:20AM
m7,TRUE,1,camp,678640,48,1/19,-,,,,1/9     11:33AM,1/10     11:25AM,1/11     11:25AM
m0,TRUE,4,corp,s51599,40,1/20,-,,,,1/10     5:39AM,1/12     7:28AM,1/12     7:28AM
m0,TRUE,1,corp,s51680,4,1/16,-,,,,1/11     9:35AM,1/12     7:29AM,1/12     7:29AM
m7,TRUE,-3,corp,s51570,133,1/12,-,,,,1/9     6:41AM,1/12     8:12AM,1/12     8:12AM
m8,TRUE,1,corp,s51584,149,1/17,-,,,,1/10     2:43PM,1/12     9:24AM,1/12     9:24AM
m6,TRUE,0,corp,s51580,162,1/16,-,,,,1/10     5:41AM,1/12     2:43PM,1/12     2:43PM
m7,TRUE,-3,corp,s51417,115,1/12,-,,,,1/11     8:54AM,1/12     3:57PM,1/12     3:57PM
m6,TRUE,1,corp,s51575,60,1/17,-,,,,1/6     8:38AM,1/16     6:28AM,1/16     6:28AM
m7,TRUE,1,corp,s51651,58,1/18,-,,,,1/12     8:12AM,1/16     1:50PM,1/16     1:50PM
m8,TRUE,6,corp,s51586,121,1/26,-,,,,1/12     8:12AM,1/16     1:52PM,1/16     1:52PM
m0,TRUE,-3,corp,s51587,69,1/16,-,,,,1/10     5:43AM,1/16     2:54PM,1/16     2:54PM
m0,TRUE,3,corp,s51076,4,1/23,-,,,,1/16     11:50AM,1/17     8:09AM,1/17     8:09AM
m0,TRUE,3,corp,s51639,50,1/23,-,,,,1/16     7:26AM,1/17     8:09AM,1/17     8:09AM
m0,TRUE,2,corp,s51706,1,1/19,-,,,,1/16     11:50AM,1/17     8:09AM,1/17     8:09AM
m9,TRUE,1,bcs,749365,72,1/26,-,,,,1/16     6:45AM,1/17     2:46PM,1/17     2:46PM
m8,TRUE,-6,corp,s51576,676,1/11,-,,,,1/12     11:22AM,1/18     8:05AM,1/18     8:05AM
m7,TRUE,3,corp,s51692,24,1/24,-,,,,1/17     11:02AM,1/18     8:05AM,1/18     8:05AM
m0,TRUE,2,bcs,809234,48,1/26,-,,,,1/16     6:45AM,1/18     2:39PM,1/18     2:39PM
m0,TRUE,0,corp,s51492,3,1/18,-,,,,1/17     11:02AM,1/18     2:39PM,1/18     2:39PM
m0,TRUE,-3,corp,s51598,29,1/17,-,,,,1/16     12:28PM,1/18     2:39PM,1/18     2:39PM
m7,TRUE,3,bcs,774200,96,1/26,-,,,,1/16     6:45AM,1/18     3:02PM,1/18     3:02PM
m0,TRUE,4,bcs,740086,72,1/26,-,,,,1/16     6:45AM,1/21     7:13AM,1/21     7:13AM
m9,TRUE,4,bcs,756816,48,1/26,-,,,,1/16     6:45AM,1/21     7:13AM,1/21     7:13AM
m9,TRUE,4,bcs,774373,48,1/26,-,,,,1/16     6:45AM,1/21     7:13AM,1/21     7:13AM
m9,TRUE,4,bcs,774597,48,1/26,-,,,,1/16     6:45AM,1/21     7:13AM,1/21     7:13AM
m8,TRUE,-4,corp,s51633,132,1/18,-,,,,1/12     11:23AM,1/21     7:13AM,1/21     7:13AM
m6,TRUE,-3,corp,s51707,363,1/19,-,,,,1/17     6:50AM,1/21     7:13AM,1/21     7:13AM
m8,TRUE,3,corp,s51720,24,1/26,-,,,,1/18     2:56PM,1/21     7:13AM,1/21     7:13AM
m6,TRUE,4,camp,678667,72,1/26,-,,,,1/16     11:15AM,1/21     7:13AM,1/22     7:13AM
m6,TRUE,4,camp,682121,92,1/26,-,,,,1/16     11:15AM,1/21     7:13AM,1/22     7:13AM
m0,TRUE,4,bcs,755996,60,1/26,-,,,,1/16     6:45AM,1/23     1:37PM,1/23     1:37PM
m0,TRUE,1,corp,s51703,38,1/24,-,,,,1/18     11:18AM,1/23     4:17PM,1/23     4:17PM
m9,TRUE,5,bcs,766295,144,1/26,-,,,,1/16     6:45AM,1/24     6:35AM,1/24     6:35AM
m6,TRUE,5,bcs,762259,72,1/26,-,,,,1/16     6:45AM,1/24     7:13AM,1/24     7:13AM
m6,TRUE,5,bcs,756194,72,1/26,-,,,,1/16     6:45AM,1/24     7:14AM,1/24     7:14AM
m7,TRUE,5,bcs,756025,48,1/26,-,,,,1/16     6:45AM,1/24     7:16AM,1/24     7:16AM
m7,TRUE,5,bcs,740234,48,1/26,-,,,,1/16     6:45AM,1/24     7:17AM,1/24     7:17AM
m9,TRUE,5,bcs,741067,48,1/26,-,,,,1/16     6:45AM,1/24     8:03AM,1/24     8:03AM
m0,TRUE,4,corp,s51739,1,1/31,-,,,,1/24     5:56AM,1/24     9:35AM,1/24     9:35AM
m7,TRUE,4,camp,679196,72,1/26,-,,,,1/16     11:15AM,1/23     1:37PM,1/24     1:37PM
m6,TRUE,5,bcs,756022,48,1/26,-,,,,1/16     6:45AM,1/24     1:55PM,1/24     1:55PM
m9,TRUE,5,bcs,741557,48,1/26,-,,,,1/16     6:45AM,1/24     1:57PM,1/24     1:57PM
m8,TRUE,5,bcs,737675,72,1/26,-,,,,1/16     6:45AM,1/24     3:11PM,1/24     3:11PM
m8,TRUE,5,bcs,744099,72,1/26,-,,,,1/16     6:45AM,1/24     3:11PM,1/24     3:11PM
m6,TRUE,6,bcs,773632,90,1/26,-,,,,1/16     6:45AM,1/25     6:33AM,1/25     6:33AM
m6,TRUE,1,camp,674885,60,2/2,-,,,,1/23     3:08PM,1/24     2:20PM,1/25     2:20PM
m9,TRUE,2,camp,674897,60,2/2,-,,,,1/23     3:08PM,1/25     2:47PM,1/26     2:47PM
m6,TRUE,2,camp,692332,144,2/2,-,,,,1/23     3:08PM,1/25     2:47PM,1/26     2:47PM
m0,TRUE,3,camp,674875,56,2/2,-,,,,1/23     3:08PM,1/26     1:15PM,1/27     1:15PM
iso 142,TRUE,0,bcs,737517,0,2/9,-,,,,1/30     10:27AM,1/30     12:40PM,1/30     12:40PM
iso 142,TRUE,0,bcs,737691,0,2/9,-,,,,1/30     10:27AM,1/30     12:40PM,1/30     12:40PM
iso 142,TRUE,0,bcs,738973,0,2/9,-,,,,1/30     10:27AM,1/30     12:40PM,1/30     12:40PM
m8,TRUE,1,corp,s51541,240,1/31,-,,,,1/24     11:19AM,1/30     2:44PM,1/30     2:44PM
m0,TRUE,3,corp,s51731,17,2/2,-,,,,1/25     2:35PM,1/30     3:18PM,1/30     3:18PM
m0,TRUE,2,corp,s51788,2,2/1,-,,,,1/26     6:32AM,1/30     3:18PM,1/30     3:18PM
m0,TRUE,2,corp,s51790,2,2/1,-,,,,1/26     6:32AM,1/30     3:18PM,1/30     3:18PM
m0,TRUE,6,corp,s51847,48,2/8,-,,,,1/30     12:35PM,1/30     3:18PM,1/30     3:18PM
m7,TRUE,6,camp,680338 N,646,2/2,-,,,,1/23     3:08PM,1/31     2:01PM,1/31     2:42PM
m9,TRUE,4,camp,674876,56,2/2,-,,,,1/23     3:08PM,1/30     3:01PM,1/31     3:01PM
m9,TRUE,4,camp,674908,50,2/2,-,,,,1/23     3:08PM,1/30     3:01PM,1/31     3:01PM
m9,TRUE,4,camp,674914,54,2/2,-,,,,1/23     3:08PM,1/30     3:01PM,1/31     3:01PM
m6,TRUE,4,camp,674906,100,2/2,-,,,,1/23     3:08PM,1/30     3:18PM,1/31     3:18PM
m6,TRUE,3,bcs,762264 Y,72,2/9,-,,,,1/30     10:27AM,1/31     10:27AM,2/2     6:17AM
m8,TRUE,-3,corp,s51647 Y,100,2/2,-,,,,1/24     12:42PM,2/1     3:26PM,2/6     9:34AM
m1,TRUE,0,corp,s51807 Y,300,2/6,-,,,,1/30     3:55PM,2/1     3:26PM,2/6     9:34AM
m4,TRUE,2,corp,s51839 Y,52,2/8,-,,,,1/30     3:55PM,2/2     1:28PM,2/6     9:34AM
m6,TRUE,4,bcs,740181 Y,168,2/9,-,,,,1/30     10:27AM,2/2     7:11AM,2/6     9:35AM
m4,TRUE,2,corp,s51836  Y,12,2/13,-,,,,2/1     3:26PM,2/7     9:49AM,2/8     9:33AM
m4,TRUE,2,corp,s51841 y,30,2/13,-,,,,2/6     7:44AM,2/7     9:52AM,2/8     9:33AM
m5,TRUE,0,corp,s51843 y,14,2/8,-,,,,2/2     6:12AM,2/7     9:52AM,2/8     9:33AM
m4,TRUE,1,corp,s51874 y,73,2/10,-,,,,2/6     10:46AM,2/7     9:51AM,2/8     9:33AM
m6,TRUE,-4,bcs,776762 Y,72,2/9,-,,3,,1/30     10:27AM,2/9     6:19AM,2/14     6:31AM
m1,TRUE,-4,bcs,714407 Y,232,2/9,-,,5,,1/30     10:27AM,2/9     6:19AM,2/14     6:32AM
m2,TRUE,-4,bcs,730181 Y,108,2/9,-,,7,,1/30     10:27AM,2/9     6:19AM,2/14     6:32AM
m6,TRUE,-4,bcs,774264 Y,288,2/9,-,,9,,1/30     10:27AM,2/9     6:19AM,2/14     6:32AM
m5,TRUE,-3,corp,s51857 y,49,2/13,-,,5,,2/6     2:26PM,2/13     3:44PM,2/14     9:53AM
m5,TRUE,-5,bcs,776352 Y,48,2/9,-,,2,,1/30     10:27AM,2/14     6:57PM,2/14     6:57PM
m1,TRUE,-5,bcs,740299 Y,96,2/9,-,,3,,1/30     10:27AM,2/14     6:57PM,2/14     6:57PM
m2,TRUE,-5,bcs,726341 Y,408,2/9,-,,16,,1/30     10:27AM,2/9     6:19AM,2/14     6:57PM
m2,TRUE,-3,corp,s51850 y,12,2/14,-,,2,,2/6     12:31PM,2/14     6:57PM,2/14     6:57PM
m4,TRUE,1,corp,s51844 y,48,2/20,-,,3,,2/7     11:01PM,2/16     5:54AM,2/15     9:32AM
m6,TRUE,-6,bcs,730224 Y,68,2/9,-,,3,,1/30     10:27AM,2/13     3:44PM,2/15     12:34PM
m1,TRUE,-6,bcs,738757 Y,72,2/9,-,,3,,1/30     10:27AM,2/14     6:57PM,2/15     12:34PM
m2,TRUE,-6,bcs,756873 Y,173,2/9,-,,4,,1/30     10:27AM,2/13     3:44PM,2/15     12:35PM
m1,TRUE,-6,bcs,738710 Y,48,2/9,-,,2,,1/30     10:27AM,2/14     6:57PM,2/15     1:59PM
m3,TRUE,-6,bcs,765621 Y,72,2/9,-,,3,,1/30     10:27AM,2/14     6:57PM,2/15     2:42PM
m3,TRUE,-6,bcs,748320 Y,360,2/9,-,,11,,1/30     10:27AM,2/13     3:44PM,2/15     2:46PM
m2,TRUE,0,corp,s51884 y,63,2/16,-,,2,,2/7     11:01PM,2/16     6:05AM,2/16     6:05AM
m3,TRUE,-6,bcs,739451 Y,42,2/9,-,,2,,1/30     10:27AM,2/15     8:24AM,2/16     7:26AM
m1,TRUE,-6,bcs,749443 Y,72,2/9,-,,2,,1/30     10:27AM,2/13     3:44PM,2/16     7:26AM
m1,TRUE,-5,bcs,718161 Y,124,2/10,-,,3,,1/31     12:41PM,2/13     3:44PM,2/16     7:26AM
m5,TRUE,0,corp,s51851 y,9,2/16,-,,2,,2/6     11:43AM,2/13     3:44PM,2/16     7:27AM
m2,TRUE,0,corp,s51910 y,2,2/16,-,,1,,2/9     7:28AM,2/15     8:24AM,2/16     7:27AM
m2,TRUE,-3,corp,s51811 y,24,2/16,-,,1,,2/8     5:27AM,2/20     12:19PM,2/20     12:20PM
m5,TRUE,-5,corp,s51833 y,26,2/14,-,,1,,2/2     1:33PM,2/13     3:44PM,2/20     12:20PM
m0,TRUE,1,corp,s51956 n,2,2/28,-,,1,,2/20     8:58AM,2/22     7:18AM,2/22     11:32PM
m4,TRUE,-7,rally,s51846 n,288,2/16,caps,,2,,2/9     7:29AM,2/20     10:50AM,2/23     6:21AM
m1,TRUE,-3,corp,s51922 y,20,2/23,-,,1,,2/13     3:44PM,2/23     6:24AM,2/23     11:03AM
m1,TRUE,0,corp,s51797 y,48,2/27,-,,3,,2/13     3:44PM,2/23     6:24AM,2/23     2:38PM
m6,TRUE,-6,camp,697669 y,1200,2/19,caps,,1,,2/9     6:21AM,2/27     6:01AM,2/27     6:01AM
m5,TRUE,-6,camp,697671 y,402,2/19,-,,1,,2/9     6:21AM,2/27     6:01AM,2/27     6:01AM
m1,TRUE,-6,camp,697661 y,816,2/19,-,,1,,2/9     6:21AM,2/21     9:35AM,2/27     6:02AM
m1,TRUE,-3,corp,s51919 n,15,2/27,has screen,,1,,2/22     5:59AM,2/22     11:32PM,2/27     6:58AM
m1,TRUE,-5,corp,s51920 y,38,2/22,-,,1,,2/13     3:44PM,2/21     9:34AM,2/27     8:02AM
m1,TRUE,-5,corp,s51858 n,115,2/22,-,,2,,2/20     8:57AM,2/22     11:32PM,2/27     8:02AM
m4,TRUE,-3,corp,s51908 y,30,2/27,caps,,2,,2/13     3:44PM,2/27     6:24AM,2/27     9:58AM
m3,TRUE,-7,camp,697670 y,612,2/19,-,,16,,2/9     6:21AM,2/27     6:01AM,2/27     10:22AM
m4,TRUE,-8,rally,s51845 n,288,2/16,caps,,8,,2/9     7:29AM,2/23     6:36AM,2/27     3:22PM
m4,TRUE,-3,corp,s51996 n,51,2/27,caps,,1,,2/23     12:54PM,2/28     5:56AM,2/27     3:23PM
m1,TRUE,-4,corp,s51947 n,5,2/28,-,,1,,2/20     8:58AM,2/28     2:56PM,3/1     7:19AM
m1,TRUE,-4,corp,s51946 y,170,2/28,-,,8,,2/20     10:01AM,2/28     1:23PM,3/1     7:58AM
m1,TRUE,-3,corp,s51964 n,24,3/1,-,,1,,2/20     1:25PM,3/1     6:58AM,3/1     8:34AM
m4,TRUE,-4,corp,s51961 n,24,2/28,caps,,1,,2/20     1:25PM,2/27     6:24AM,3/1     9:29AM
m1,TRUE,-3,corp,s51972 n,17,3/1,-,,1,,2/20     3:03PM,2/22     11:32PM,3/1     9:30AM
m4,TRUE,3,corp,s51976 n,24,3/8,caps,,1,,2/22     6:37AM,2/27     6:24AM,3/1     9:31AM
m2,TRUE,-9,camp,697662 y,1200,2/19,caps,,10,,2/9     6:21AM,3/2     7:22AM,3/2     11:48AM
m6,TRUE,4,camp,681249 y,288,3/9,caps,,2,,2/27     9:03AM,3/1     7:01AM,3/2     11:48AM
m4,TRUE,-3,corp,s51969 n,128,3/2,caps,,1,,2/20     2:27PM,3/1     6:03AM,3/6     6:20AM
m1,TRUE,-3,corp,s51965 n,8,3/2,-,,1,,2/21     6:38AM,3/2     7:20AM,3/6     6:21AM
m6,TRUE,2,corp,s51967 n,360,3/8,caps,,1,,2/23     5:57AM,2/27     10:14AM,3/6     7:37AM
m5,TRUE,-3,corp,s51968 n,5,3/2,bag,,1,,2/22     6:36AM,3/2     7:19AM,3/6     7:37AM
m5,TRUE,0,corp,s51981 n,4,3/6,sooner,,1,,2/22     6:37AM,3/2     7:18AM,3/6     7:37AM
m5,TRUE,-3,corp,s51907 n,16,3/6,-,,2,,2/28     5:57AM,3/2     7:17AM,3/7     8:29AM
m0,TRUE,-3,corp,s51985 n,40,3/7,caps,,1,,2/27     6:09AM,3/2     1:11PM,3/7     11:25AM
m6,TRUE,-3,corp,s52006 n,175,3/7,caps firm,,2,,3/1     5:38AM,3/8     6:11AM,3/7     11:25AM
m4,TRUE,-3,corp,s51980 n,33,3/7,caps,,2,,3/1     1:05AM,3/7     8:27AM,3/8     5:50AM
m5,TRUE,1,summit,s51979 y,58,3/9,full chest,,1,,2/28     5:59AM,3/7     8:01AM,3/8     5:50AM
m4,TRUE,1,corp,s51975 n,400,3/9,caps,,2,,2/28     5:58AM,3/6     7:38AM,3/8     5:50AM
m4,TRUE,-3,corp,s51984 n,96,3/7,caps,,2,,2/27     6:09AM,3/8     6:49AM,3/8     11:06AM
m5,TRUE,1,corp,s51986 n,130,3/9,-,,2,,2/28     6:01AM,3/6     8:54PM,3/8     11:06AM
m5,TRUE,1,corp,s51850 n,4,3/9,-,,2,,3/1     5:45AM,3/6     8:54PM,3/8     11:06AM
m5,TRUE,5,corp,s52025 y,24,3/16,-,,2,,3/7     7:41AM,3/7     11:45AM,3/8     11:06AM
m4,TRUE,0,corp,s52038 n,31,3/9,firm rush,,1,,3/8     6:31AM,3/9     5:24AM,3/8     3:42PM
m6,TRUE,0,camp,697900 y,576,3/9,caps,,4,,2/27     10:05AM,3/9     7:42AM,3/9     9:33AM
m2,TRUE,0,camp,700714 y,48,3/11,caps,,1,,3/1     1:05AM,3/9     9:33AM,3/9     9:33AM
m2,TRUE,0,camp,687896 y,60,3/11,caps,,4,,3/1     1:05AM,3/9     9:33AM,3/9     9:33AM
m5,TRUE,1,corp,s52055 n,57,3/13,firm by 1pm,,4,,3/9     6:08AM,3/9     11:41AM,3/9     1:39PM
m4,TRUE,-3,corp,s51982 n,95,3/9,caps,,2,,3/2     7:25AM,3/9     7:25AM,3/13     4:54AM
m5,TRUE,3,corp,s52034 y,33,3/16,-,,1,,3/6     8:54PM,3/8     6:46AM,3/13     4:55AM
m4,TRUE,0,corp,s52009 n,36,3/13,caps,,2,,3/1     1:05AM,3/9     7:43AM,3/13     4:56AM
m5,TRUE,0,corp,s52008 n,27,3/13,-,,2,,3/1     5:36AM,3/7     11:45AM,3/13     4:56AM
m4,TRUE,0,corp,s51987 n,20,3/13,caps,,2,,2/28     6:00AM,3/1     6:02AM,3/13     4:56AM
m3,TRUE,2,camp,680381 y,1148,3/16,-,,1,,3/1     1:05AM,3/14     10:23AM,3/14     10:23AM
m6,TRUE,-8,camp,692747 y,72,3/2,caps,,3,,3/1     1:05AM,3/14     1:53PM,3/14     1:53PM
m6,TRUE,3,corp,s52002 n,26,3/20,caps,,1,,3/9     6:08AM,3/13     10:51AM,3/14     2:35PM
m6,TRUE,-3,corp,s51994 n,9,3/13,on hold,,1,,3/6     7:02AM,3/14     10:25AM,3/14     2:36PM
m6,TRUE,2,corp,s52023 n,104,3/20,caps 2 loc,,1,,3/9     6:07AM,3/14     10:26AM,3/15     1:02PM
m5,TRUE,-3,corp,s52024 n,110,3/14,beanie,,2,,3/1     5:45AM,3/14     10:23AM,3/15     1:03PM
m4,TRUE,-8,camp,701114 y,144,3/8,caps,,1,,3/1     1:05AM,3/16     2:02PM,3/16     2:02PM
m5,TRUE,2,corp,s52001 n,50,3/22,-,,1,,3/13     7:14AM,3/14     10:25AM,3/20     4:48AM
m6,TRUE,-9,camp,699443 y,97,3/7,caps,,1,,3/1     1:05AM,3/20     5:28AM,3/20     5:28AM
m5,TRUE,4,corp,s52146 n,7,3/27,-,,1,,3/13     3:13PM,3/14     10:25AM,3/20     7:42AM
m0,TRUE,1,corp,s52100 n,1,3/21,-,,1,,3/14     1:29PM,3/14     2:36PM,3/20     3:57PM
m6,TRUE,1,corp,s52153 n,150,3/21,cap rush,,1,,3/14     1:22PM,3/16     1:10AM,3/20     3:57PM
m0,TRUE,4,corp,s52157 n,2,3/27,-,,1,,3/14     1:28PM,3/14     2:59PM,3/20     3:57PM
m5,TRUE,-3,corp,s52173 n,1,3/21,rush,,2,,3/20     5:04AM,3/21     6:42AM,3/22     6:18AM
m4,TRUE,-3,corp,s52094 n,200,3/21,patches,,2,,3/15     5:36AM,3/20     7:26AM,3/22     6:18AM
m3,TRUE,1,camp,685443 y,264,3/27,-,,2,,3/13     6:15AM,3/21     6:56AM,3/22     4:38PM
m6,TRUE,2,corp,s52029 n,300,3/28,cap,,2,,3/14     1:24PM,3/22     5:51AM,3/22     4:38PM
m5,TRUE,0,summit,s52051 y,48,3/23,pants,,2,,3/13     1:04PM,3/16     1:10AM,3/22     4:38PM
m5,TRUE,1,corp,s52102 n,3,3/27,-,,1,,3/14     1:29PM,3/21     6:42AM,3/22     4:38PM
m5,TRUE,4,corp,s52151 n,114,3/30,event,,1,,3/20     5:05AM,3/22     5:55AM,3/22     4:38PM
m4,TRUE,2,corp,s52155 n,48,3/28,cap,,1,,3/14     1:19PM,3/22     6:02AM,3/22     4:38PM
m6,TRUE,4,corp,s52174 n,8,3/30,-,,1,,3/21     7:16AM,3/22     5:52AM,3/22     4:38PM
m6,TRUE,4,corp,s52176 n,33,3/30,-,,1,,3/21     7:16AM,3/22     5:52AM,3/22     4:38PM
m5,TRUE,2,corp,s52181 n,49,3/28,firm,,1,,3/21     6:56AM,3/22     5:54AM,3/22     4:38PM
m5,TRUE,3,corp,s52161 n,2,3/29,-,,2,,3/20     5:03AM,3/21     6:42AM,3/22     4:38PM
m5,TRUE,5,corp,s52164 n,7,4/3,-,,2,,3/20     5:03AM,3/21     6:42AM,3/22     4:38PM
m2,TRUE,7,camp,699558 y,574,4/6,caps,,4,,3/1     1:05AM,3/24     2:15AM,3/24     2:15AM
m4,TRUE,-6,corp,s52002 n,13,3/20,asap,,1,,3/23     8:05AM,3/23     8:55AM,3/27     6:28AM
m3,TRUE,0,camp,692792 y,68,3/27,-,,3,,3/13     6:15AM,3/27     7:18AM,3/27     7:46AM
m4,TRUE,-3,corp,s52126 n,200,3/27,cap/back,,1,,3/14     5:45AM,3/27     8:53AM,3/28     6:15AM
m3,FALSE,2,corp,s52230 n,60,4/3,-,,2,,3/27     6:32AM,,3/29     7:07AM
m6,TRUE,2,corp,s52183 n,2,4/3,-,,2,,3/21     2:37PM,3/27     7:55AM,3/29     7:08AM
m5,TRUE,-3,corp,s52160 n,91,3/28,-,,2,,3/21     6:22AM,3/27     11:53AM,3/29     7:09AM
m1,TRUE,5,camp,699603 y,588,4/6,-,,25,,3/13     6:15AM,3/29     11:27AM,3/29     11:27AM
m6,TRUE,1,corp,s52212 n,15,3/30,bags,,2,,3/21     2:37PM,3/27     11:52AM,3/29     3:05PM
m4,TRUE,0,corp,s52309 n,48,3/29,caps,,1,,3/28     7:30PM,3/29     11:26AM,3/29     3:05PM
m4,TRUE,2,corp,s52233 n,64,4/3,event,,1,,3/27     6:32AM,3/29     11:26AM,3/29     3:05PM
m2,TRUE,-3,corp,s52158 y,83,3/30,sooner,,1,,3/21     6:25AM,3/28     7:30PM,3/31     6:34AM
m3,TRUE,-4,camp,689148 y,108,4/3,on hold,,3,,3/13     6:15AM,4/4     7:46AM,4/4     7:46AM
m3,TRUE,0,corp,s52271 n,24,4/6,-,,1,,3/28     7:30PM,4/4     3:31PM,4/6     6:30AM
m2,TRUE,0,camp,706649 n,288,4/6,-,,1,,4/3     7:09AM,4/6     2:53PM,4/6     2:53PM
m6,TRUE,0,camp,706650 n,144,4/6,-,,1,,4/3     7:09AM,4/6     2:53PM,4/6     2:53PM
m2,TRUE,-7,corp,s52167 n,596,3/30,rush,,1,,3/27     6:32AM,4/10     6:58AM,4/10     6:58AM
m1,TRUE,0,corp,s52173 n,15,4/10,-,,1,,3/29     10:36AM,4/4     3:38PM,4/10     7:26AM
m1,TRUE,0,corp,s52275 y,24,4/10,-,,1,,3/28     7:30PM,4/4     3:43PM,4/10     8:02AM
m3,TRUE,1,corp,s52314 n,9,4/11,-,,1,,4/3     6:22AM,4/4     3:31PM,4/10     7:25AM
m3,TRUE,1,corp,s52316 n,7,4/11,-,,1,,4/3     6:57AM,4/4     3:31PM,4/10     7:24AM
m3,TRUE,1,corp,s52313 n,10,4/11,-,,2,,4/3     6:21AM,4/4     3:31PM,4/10     7:24AM
m6,TRUE,-3,corp,s52273 n,192,4/10,caps,,2,,3/28     7:30PM,4/4     3:36PM,4/11     6:18AM
m1,TRUE,0,summit,s52293 y,57,4/11,-,,2,,4/3     6:22AM,4/4     3:41PM,4/11     6:19AM
m4,TRUE,-3,corp,s52300 n,120,4/10,caps,,2,,3/28     7:30PM,4/4     3:37PM,4/11     6:17AM
m3,TRUE,0,corp,s52302 n,62,4/11,-,,2,,4/3     6:20AM,4/4     3:31PM,4/11     6:17AM
m3,TRUE,0,corp,s52308 n,28,4/11,-,,2,,4/3     6:21AM,4/4     3:31PM,4/11     6:17AM
m4,TRUE,-4,corp,s52311 n,20,4/6,backpack,,2,,3/28     7:30PM,4/10     6:34AM,4/11     6:18AM
m6,TRUE,2,camp,699597 n,413,4/13,caps,,3,,4/4     7:45AM,4/10     3:30PM,4/11     6:55AM
m1,TRUE,-3,corp,s52306 n,66,4/11,-,,1,,4/3     6:18AM,4/6     1:03PM,4/12     7:20AM
m1,TRUE,-3,summit,s52294 y,48,4/11,firm,,2,,3/29     6:53AM,4/4     3:40PM,4/12     7:20AM
m1,TRUE,-3,corp,s52303 n,41,4/11,-,,2,,4/3     6:18AM,4/6     1:03PM,4/12     7:20AM
m1,TRUE,-3,corp,s52304 n,4,4/11,-,,2,,4/3     6:58AM,4/6     1:03PM,4/12     7:20AM
m4,TRUE,-3,corp,s52337 n,57,4/11,-,,2,,4/3     6:19AM,4/6     1:05PM,4/12     7:20AM
m1,TRUE,0,corp,s52366 n,1,4/12,-,,2,,4/3     6:58AM,4/6     1:04PM,4/12     7:20AM
m1,TRUE,0,corp,s52342 y,49,4/13,-,,2,,4/4     12:50PM,4/6     1:04PM,4/13     7:27AM
m0,TRUE,0,corp,s52407 n,16,4/13,caps,,2,,4/12     5:55AM,4/12     2:35PM,4/13     7:29AM
m2,TRUE,0,camp,703686 n,1155,4/14,caps,,8,,4/4     7:45AM,4/13     6:05AM,4/13     6:06AM
m1,TRUE,1,summit,s52320 y,96,4/18,event,,2,,4/6     8:09AM,4/12     10:37AM,4/17     7:42AM
m5,TRUE,0,corp,s52315 n,127,4/17,-,,3,,4/5     6:00AM,4/17     7:42AM,4/17     7:42AM
m6,TRUE,0,corp,s52496 n,150,4/17,caps,,2,,4/13     1:07PM,4/17     10:22AM,4/17     10:22AM
m6,TRUE,-2,camp,703683 n,874,4/14,caps,,7,,4/4     7:45AM,4/17     7:45AM,4/17     10:24AM
m1,TRUE,0,corp,s52301 n,40,4/18,-,,2,,4/5     10:50AM,4/12     10:43AM,4/18     7:43AM
m2,TRUE,-6,camp,709281 n,0,4/12,not sewn,,1,,4/10     6:59AM,4/19     6:57AM,4/19     6:58AM
m4,TRUE,-6,camp,709282 n,0,4/12,not sewn,,1,,4/10     6:59AM,4/19     6:57AM,4/19     6:58AM
m6,TRUE,-6,camp,709283 n,0,4/12,not sewn,,1,,4/10     6:59AM,4/19     6:57AM,4/19     6:58AM
m6,TRUE,9,camp,700826 n,288,5/5,caps,,2,,4/13     1:07PM,4/19     6:58AM,4/19     6:58AM
m5,TRUE,-3,corp,s52428 n,35,4/19,bag,,1,,4/12     5:40AM,4/19     7:17AM,4/20     6:59AM
m1,TRUE,-3,corp,s52393 n,5,4/19,-,,2,,4/10     7:18AM,4/12     10:36AM,4/20     6:41AM
m1,TRUE,0,corp,s52420 n,148,4/20,-,,2,,4/12     5:41AM,4/17     7:49AM,4/20     6:41AM
m5,TRUE,0,corp,s52445 n,16,4/20,-,,2,,4/12     5:55AM,4/19     8:39AM,4/20     6:36AM
m5,TRUE,0,corp,s52490 n,4,4/20,yoke,,2,,4/13     1:07PM,4/18     1:26PM,4/20     6:34AM
m0,TRUE,4,corp,s52488 n,2,4/27,-,,2,,4/18     1:26PM,4/18     1:26PM,4/20     6:37AM
m1,TRUE,4,summit,s52319 y,48,4/28,-,,2,,4/4     5:35AM,4/17     7:49AM,4/20     6:38AM
m2,TRUE,-6,camp,703685 n,928,4/14,caps,,9,,4/4     7:45AM,4/20     2:53PM,4/20     2:53PM
m1,TRUE,-4,corp,s52404 n,178,4/19,-,,2,,4/13     8:47AM,4/19     1:15PM,4/20     3:49PM
m6,TRUE,-3,corp,s52422 n,102,4/20,caps,,2,,4/18     6:00AM,4/20     6:03AM,4/20     3:49PM
m5,TRUE,-3,corp,s52474 n,141,4/20,yoke,,2,,4/13     1:07PM,4/20     2:52PM,4/20     3:50PM
m5,TRUE,-3,corp,s52550 n,3,4/20,bag,,1,,4/19     2:43PM,4/20     2:53PM,4/20     3:49PM
m4,TRUE,0,corp,s52415 n,100,4/24,caps,,3,,4/11     7:55AM,4/17     7:50AM,4/20     3:50PM
m3,TRUE,7,camp,700822 n,288,5/5,caps,,2,,4/13     1:07PM,4/24     4:08PM,4/24     4:08PM
m4,TRUE,7,camp,700823 n,288,5/5,reparing,,2,,4/13     1:07PM,4/24     4:08PM,4/24     4:08PM
m3,TRUE,2,camp,690972 n,48,5/1,caps,,2,,4/24     8:45AM,4/26     6:27AM,4/26     6:27AM
m3,TRUE,2,camp,690973 n,48,5/1,caps,,2,,4/24     8:45AM,4/26     9:53AM,4/26     9:53AM
m3,TRUE,5,camp,700830 n,288,5/5,caps,,2,,4/19     11:14AM,4/25     1:47PM,4/25     3:12PM
m1,TRUE,5,camp,700820 n,576,5/5,caps,,4,,4/13     1:07PM,4/25     2:05PM,4/25     3:12PM
m6,TRUE,5,camp,700824 n,576,5/5,caps,,4,,4/13     1:07PM,4/25     3:01PM,4/25     3:12PM
m6,TRUE,1,camp,711890 n,120,4/28,caps,,5,,4/24     8:45AM,4/26     8:08AM,4/26     8:09AM
m6,TRUE,1,camp,675916 n,48,5/1,caps,,2,,4/24     8:45AM,4/27     5:37AM,4/27     5:38AM
m1,TRUE,1,camp,677744 n,72,5/1,caps,,3,,4/24     8:45AM,4/26     2:50PM,4/27     5:38AM
m1,TRUE,1,camp,693302 n,72,5/1,caps,,3,,4/24     8:45AM,4/27     5:49AM,4/27     5:49AM
m2,TRUE,4,camp,700821 n,576,5/5,caps,,4,,4/13     1:07PM,4/27     5:49AM,4/27     5:49AM
m6,TRUE,2,camp,708518 n,144,5/2,caps,,6,,4/24     8:45AM,4/26     2:50PM,4/27     5:38AM
m4,TRUE,0,corp,s52500 n,31,4/27,-,,1,,4/18     1:26PM,4/25     12:55PM,4/27     6:15AM
m4,TRUE,0,corp,s52499 n,21,4/27,packs,,2,,4/19     7:31AM,4/26     10:24AM,4/27     6:15AM
m4,TRUE,0,corp,s52486 n,5,4/27,pack,,3,,4/19     1:08PM,4/25     12:52PM,4/27     6:15AM
m4,TRUE,-3,summit,s52004 y,48,4/27,full chest,,1,,4/18     5:56AM,4/27     5:52AM,4/30     6:27AM
m0,TRUE,-4,corp,s52517 y,37,5/1,pillow,,2,,4/27     6:40AM,4/27     7:14AM,5/2     12:42PM
m6,TRUE,1,camp,700831 n,288,5/5,caps,,2,,4/19     11:14AM,5/1     9:44AM,5/1     9:44AM
m4,TRUE,-4,corp,s52612 n,6,5/1,-,,2,,5/1     7:49AM,5/2     12:42PM,5/2     12:42PM
m3,TRUE,-4,camp,686167 n,432,5/1,caps,,3,,4/24     8:45AM,5/1     1:07PM,5/1     1:07PM
m2,TRUE,1,rally,s52436 n,301,5/5,caps,,3,,4/12     5:57AM,5/1     1:07PM,5/3     7:20AM
m4,TRUE,4,corp,s52621 n,1,5/11,-,,1,,5/3     6:24AM,5/3     3:58PM,5/4     6:29AM
m4,TRUE,-8,corp,s52442 n,44,4/25,on hold,,2,,4/13     8:47AM,4/25     8:57AM,5/4     6:29AM
m3,TRUE,0,camp,700827 n,288,5/5,caps,,2,,4/19     11:14AM,5/4     6:40AM,5/3     6:40AM
m2,TRUE,0,camp,700828 n,288,5/5,caps,,2,,4/19     11:14AM,5/4     6:40AM,5/3     6:40AM
m6,TRUE,0,action,s52574 yy,35,5/8,blazers,,1,,4/27     7:58AM,5/4     6:29AM,5/8     6:29AM
m4,TRUE,-5,corp,s52511 n,3,5/2,-,,2,,4/24     1:04PM,5/8     6:14AM,5/8     6:32AM
m6,TRUE,0,action,s52572 yy,50,5/8,blazers,,2,,4/27     6:25AM,5/2     12:42PM,5/8     6:29AM
m6,TRUE,0,action,s52571 yy,50,5/8,blazers,,2,,4/27     6:26AM,5/2     3:28PM,5/8     6:29AM
m6,TRUE,0,action,s52565 yy,50,5/8,blazers,,2,,4/27     7:58AM,5/4     6:29AM,5/8     6:29AM
m3,TRUE,-2,camp,700829 n,288,5/5,caps,,2,,4/19     11:14AM,5/8     12:59PM,5/8     12:59PM
m4,TRUE,-3,corp,s52546 n,25,5/8,-,,1,,4/25     3:18PM,5/8     1:55PM,5/9     7:50AM
m1,TRUE,0,corp,s52402 n,115,5/9,caps,,1,,5/3     6:15AM,5/8     5:59AM,5/9     7:48AM
m6,TRUE,-7,summit,s52417 y,74,5/2,-,,1,,4/20     6:27AM,5/8     12:59PM,5/10     7:36AM
m4,TRUE,1,corp,s52583 n,1,5/11,-,,1,,5/4     4:10PM,5/10     7:37AM,5/10     7:36AM
m4,TRUE,1,corp,s52664 n,11,5/11,-,,1,,5/8     11:58AM,5/10     7:37AM,5/10     7:36AM
m4,TRUE,-4,corp,s52587 n,6,5/8,misc,,1,,5/3     6:19AM,5/3     3:58PM,5/4/2023 Thom
m2,TRUE,-4,camp,700825 n,576,5/5,caps,,5,,4/19     11:14AM,5/10     1:16PM,5/10     1:16PM
m1,TRUE,-4,camp,700832 n,864,5/5,caps,,8,,4/19     11:14AM,5/10     1:16PM,5/10     1:17PM
m1,TRUE,-3,corp,s52617 n,2,5/11,rush,,1,,5/11     5:59AM,5/11     9:00AM,5/15     7:17AM
m3,TRUE,15,camp,699470 n,504,6/8,caps,,6,,5/8     6:28AM,5/11     10:56AM,5/11     10:56AM
m6,TRUE,-5,corp,s52603 n,200,5/9,caps,,1,,5/3     6:27AM,5/8     9:20PM,5/8 manual
m6,TRUE,-3,corp,s52547 n,126,5/11,caps,,1,,4/27     6:27AM,5/10     7:43AM,5/10 manual
m4,TRUE,1,corp,s52642 n,24,5/16,-,,1,,5/4     2:42PM,5/11     9:42AM,5/10 manual
m1,TRUE,2,corp,s52625 n,5,5/18,-,,1,,5/11     6:00AM,5/11     10:55AM,5/16     7:20AM
m1,TRUE,2,corp,s52675 n,11,5/18,-,,1,,5/11     6:01AM,5/11     9:01AM,5/16     7:18AM
m4,TRUE,3,corp,s52644 n,46,5/22,-,,1,,5/9     11:26AM,5/11     11:17AM,5/16     7:23AM
m1,TRUE,3,corp,s52659 n,59,5/22,-,,1,,5/9     3:47PM,5/11     9:01AM,5/16     7:20AM
m6,TRUE,1,corp,s52647 n,246,5/17,caps +,,3,,5/9     10:35AM,5/11     9:02AM,5/16     7:17AM
m4,TRUE,-3,corp,s52586 n,13,5/16,caps +,,1,,5/8     11:27AM,5/10     1:19PM,5/17 manual
m4,TRUE,-3,corp,s52723 n,8,5/17,rush,,1,,5/15     7:42AM,5/16     3:37PM,5/18     6:35AM
m4,TRUE,0,corp,s52700 n,2,5/18,-,,1,,5/15     6:04AM,5/17     9:22AM,5/18     6:43AM
m6,TRUE,3,corp,s52711 n,50,5/24,caps,,1,,5/16     6:40AM,5/16     3:37PM,5/18     6:42AM
m4,TRUE,3,corp,s52577 n,2,5/24,-,,1,,5/16     8:41AM,5/17     9:21AM,5/18     6:43AM
m6,TRUE,-4,rally,s52694 y,300,5/18,caps,,1,,5/10     1:15PM,5/16     3:37PM,5/18 manual
m2,TRUE,-3,corp,s52681 n,760,5/22,split m1+m2,,12,,5/10     2:55PM,5/22     6:46AM,5/23     6:36AM
m4,TRUE,-3,corp,s52697 n,23,5/22,-,,1,,5/15     5:58AM,5/17     3:25PM,5/23     6:28AM
m6,TRUE,3,corp,s52777 y,48,5/30,-,,2,,5/22     6:48AM,5/23     7:01AM,5/24     7:02AM
m6,TRUE,6,summit,s52722 y,116,6/5,-,,4,,5/17     6:52AM,5/22     1:16PM,5/24     7:01AM
m4,TRUE,-3,corp,s52816 n,20,5/24,rush,,1,,5/22     2:35PM,5/24     7:29AM,5/25     6:33AM
m4,TRUE,-4,corp,s52727 n,40,5/25,caps,,1,,5/22     8:44AM,5/25     1:32PM,5/30     6:29AM
m6,TRUE,2,corp,s52821 n,96,6/1,-,,1,,5/24     9:19AM,5/25     12:51PM,5/30     6:27AM
m6,TRUE,2,summit,s52763 y,48,6/1,-,,2,,5/22     8:29AM,5/24     7:26AM,5/30     6:22AM
m6,TRUE,-5,corp,s52403 n,85,5/24,-,,4,,5/23     10:24AM,5/24     2:46PM,5/30     6:27AM
m6,TRUE,-4,corp,s52774 n,100,5/25,-,,4,,5/24     7:20AM,5/25     10:17AM,5/30     6:28AM
m6,TRUE,2,corp,s52822 n,100,6/1,event,,4,,5/22     8:50AM,5/24     7:26AM,5/30     6:29AM
m4,TRUE,3,corp,s52836 n,2,6/6,-,,1,,5/25     10:56AM,5/25     1:32PM,5/31     6:07AM
m6,TRUE,-3,corp,s52813 n,55,5/30,-,,2,,5/23     6:54AM,5/30     6:02AM,5/31     6:07AM
m6,TRUE,-6,corp,s52787 n,13,5/25,-,,1,,5/24     6:00AM,5/30     11:00AM,6/1     6:18AM
m6,TRUE,0,corp,s52826 n,48,6/1,caps,,1,,5/30     6:02AM,5/30     3:56PM,6/1     6:22AM
m4,TRUE,0,corp,s52624 n,4,6/1,-,,1,,5/31     6:24AM,5/31     8:02AM,6/1     6:18AM
m6,TRUE,4,corp,s52864 n,50,6/8,bags,,2,,5/30     8:59AM,5/31     8:31AM,6/1     6:22AM
m6,TRUE,54,summit,s52709 y,102,9/5,-,,3,,5/17     6:51AM,5/18     8:03AM,6/1     6:17AM
m6,TRUE,-3,corp,s52823 n,50,6/1,rush,,2,,5/31     5:51AM,5/31     12:04PM,6/5     6:14AM
m6,TRUE,3,corp,s52889 n,3,6/12,-,,1,,6/1     6:06AM,6/5     8:09AM,6/6     6:36AM
m6,TRUE,3,corp,s52887 n,3,6/12,-,,1,,6/1     6:19AM,6/5     8:10AM,6/6     6:36AM
m6,TRUE,4,corp,s52914 n,1,6/13,-,,1,,6/5     5:38AM,6/5     8:09AM,6/6     6:36AM
m6,TRUE,3,corp,s52830 n,77,6/12,-,,2,,5/30     2:43PM,6/1     6:53AM,6/6     6:33AM
m5,TRUE,6,ISL,s52873 y,288,6/15,this one was shipped not LTL,,2,,5/31     8:21AM,6/5     3:20PM,6/5     3:20PM
m6,TRUE,-3,corp,s52832 n,97,6/2,rush,,4,,5/31     2:25PM,6/5     8:10AM,6/6     6:37AM
m6,TRUE,0,corp,s52838 n,38,6/8,-,,1,,6/1     12:35PM,6/6     5:32AM,6/7     6:42AM
m6,TRUE,3,corp,s52776 n,28,6/14,-,,1,,6/1     12:45PM,6/6     5:32AM,6/7     6:42AM
m6,TRUE,8,corp,s52948 n,6,6/26,-,,1,,6/6     10:23AM,6/7     4:20PM,6/8     6:26AM
m2,TRUE,-8,corp,s52846 n,15,6/5,bags,,1,,5/30     9:22AM,5/30     11:50AM,6/14 manual
m6,TRUE,-7,Action,s52574 y,14,6/6,rush,,1,,6/6     10:33AM,6/6     4:07PM,6/14 manual
m6,TRUE,9,summit,s52866 y,48,6/30,-,,1,,6/1     6:08AM,6/6     1:06PM,6/14 manual
m6,TRUE,9,summit,s52865 y,48,6/30,-,,1,,6/1     6:09AM,6/6     1:06PM,6/14 manual
m2,TRUE,6,ISL,s52901 y,288,6/26,Bag and tag,,2,,6/5     3:22PM,6/13     12:40PM,6/14     5:54AM
m6,TRUE,6,ISL,s52900 y,432,6/26,Bag and tag,,3,,6/5     3:20PM,6/13     12:40PM,6/14     5:54AM
m5,TRUE,6,ISL,s52891 y,432,6/26,Bag and tag,,3,,6/5     3:24PM,6/14     7:07AM,6/14     7:07AM
m2,TRUE,0,corp,s52992 n,100,6/15,caps,,1,,6/12     3:04PM,6/13     3:57PM,6/15     6:11AM
m3,TRUE,5,ISL,s52893 y,432,6/26,Bag and tag,,3,,6/5     3:22PM,6/15     2:45PM,6/15     2:45PM
m4,TRUE,1,corp,s52938 n,111,6/19,-,,7,,6/8     7:00AM,6/14     8:18AM,6/15     6:12AM
m1,TRUE,-3,corp,s52860 n,144,6/15,rush cap,,2,,6/8     6:59AM,6/15     5:37PM,6/19     8:06AM
m3,TRUE,-3,corp,s53000 n,96,6/19,caps,,1,,6/12     3:03PM,6/20     5:32AM,6/20     7:27AM
m2,TRUE,-3,corp,s52987 n,150,6/19,caps,,1,,6/12     3:04PM,6/15     5:37PM,6/20     7:25AM
m4,TRUE,2,corp,s52921 n,35,6/22,-,,1,,6/12     2:39PM,6/14     8:18AM,6/20     7:25AM
m4,TRUE,2,corp,s53037 n,24,6/22,-,,2,,6/12     7:40AM,6/16     12:19PM,6/20     7:25AM
m5,TRUE,-5,corp,s52999 n,132,6/19,caps,,1,,6/12     3:03PM,6/20     11:40AM,6/21     6:29AM
m2,TRUE,-4,corp,s53064 n,144,6/20,caps,,1,,6/13     7:01AM,6/20     5:32AM,6/21     6:29AM
m4,TRUE,0,corp,s52937 n,5,6/22,-,,1,,6/19     10:42AM,6/20     11:49AM,6/21     6:34AM
m4,TRUE,0,corp,s52933 n,10,6/22,-,,1,,6/13     7:01AM,6/20     11:49AM,6/21     6:34AM
m2,TRUE,0,corp,s53055 n,30,6/22,hats,,1,,6/12     3:02PM,6/20     11:44AM,6/21     6:35AM
m4,TRUE,0,corp,s52827 n,35,6/22,-,,2,,6/14     8:18AM,6/20     11:49AM,6/21     6:29AM
m4,TRUE,0,corp,s52986 y,77,6/22,-,,2,,6/13     7:01AM,6/20     3:15AM,6/21     6:27AM
m1,TRUE,-4,corp,s52936 n,100,6/20,rush,,1,,6/19     9:07AM,6/21     5:31AM,6/22     6:17AM
m3,TRUE,0,ISL,s52892 y,288,6/26,Bag and tag,,2,,6/5     3:24PM,6/22     11:02AM,6/22     11:02AM
m2,TRUE,0,ISL,s52947 y,288,6/26,bag and tag,,2,,6/9     11:50AM,6/22     11:02AM,6/22     11:02AM
stg,FALSE,-12,corp,s52915 n,12,6/27,asap not firm,,1,,6/22     9:30AM,,6/29     6:15AM
stg,TRUE,-11,corp,s53124 n,1,6/28,-,,1,,6/20     9:54AM,6/27     11:27AM,6/28     6:35AM
stg,TRUE,-10,corp,s52940 n,89,6/29,-,,1,,6/20     1:47PM,7/3     4:00AM,7/3     6:13AM
stg,FALSE,-10,corp,s53071 n,9,6/29,-,,1,,6/22     9:32AM,,7/3     6:10AM
stg,TRUE,-11,1 corp,s53123n,12,6/28,,,1,,6/27     8:13AM,6/28     3:07PM,7/5     7:57AM
stg,FALSE,-11,Custom XM,s53161,28,6/28,,,1,,6/28     4:22PM,,7/3     6:11AM
stg,TRUE,0,Brands,s53263,4,7/13,,,1,,7/6     8:25AM,7/6     12:10PM,7/11     6:26AM
stg,TRUE,0,MISC Mech,s53175,3,7/13,,,1,,7/6     8:26AM,7/6     2:17PM,7/11     6:26AM
stg,TRUE,-6,Walk In,s52990,2,7/6,,,1,,7/6     8:26AM,7/6     11:00AM,7/11     6:26AM
stg,TRUE,-6,Summit,s53295,2,7/6,,,1,,7/6     8:27AM,7/6     11:00AM,7/11     6:25AM
m4,FALSE,-10,corp,s53076 n,48,6/29,-,,1,,6/13     7:01AM,,7/5     7:57AM
m1,FALSE,-10,corp,s53072 n,13,6/29,-,,1,,6/22     9:32AM,,7/3     6:11AM
stg,FALSE,-9,summit,s52867 y,48,6/30,-,,2,,6/22     11:02AM,,7/11     6:34AM
stg,FALSE,-6,Action Sports,s53225,49,7/6,,,2,,6/27     8:16AM,,7/10     8:13AM
m4,FALSE,-9,summit,s52880 y,48,6/30,-,,2,,6/22     11:02AM,,7/12     6:06AM
m4,FALSE,-9,summit,s52876 y,48,6/30,-,,2,,6/22     11:02AM,,7/3     6:09AM
m4,FALSE,-9,summit,s52869 y,48,6/30,-,,2,,6/22     11:02AM,,7/3     6:11AM
m4,FALSE,-9,summit,s52868 y,48,6/30,-,,2,,6/22     11:02AM,,7/5     7:57AM
m4,FALSE,-9,summit,s52877 y,48,6/30,-,,2,,6/22     11:02AM,,7/3     6:09AM
m1,TRUE,-5,Fastsigns,s53227,149,7/10,,,2,,6/27     8:16AM,7/11     7:12AM,7/13     6:12AM
stg,TRUE,-9,summit,s52885 y,48,6/30,full chest,,3,,6/20     9:56AM,7/10     12:40PM,7/13     6:14AM
m4,FALSE,-9,summit,s52871 y,48,6/30,full chest,,3,,6/20     10:08AM,,7/3     6:08AM
m4,FALSE,-9,summit,s52879 y,48,6/30,full chest,,3,,6/21     7:27AM,,7/3     6:08AM
m2,TRUE,0,Moxi,s53248,51,7/13,,,3,,7/10     10:11AM,7/10     12:39PM,7/13     6:14AM
stg,TRUE,-6,Identity Mktg,s53214,27,7/6,,,4,,7/6     8:24AM,7/10     8:13AM,7/12     6:09AM
stg,TRUE,-10,corp,s53128 n,30,6/29,bags,,5,,6/20     9:51AM,7/3     4:00AM,7/5     7:57AM
m6,FALSE,-10,corp,s52934 n,1000,6/29,rush,,7,,6/13     7:01AM,,6/27     6:25AM
m1,FALSE,-13,corp,s52982 n,236,6/26,-,,8,,6/20     9:46AM,,7/6     6:18AM
m0,TRUE,-16,corp,s52989 n,5,6/22,caps,,1,,6/20     6:41AM,6/20     8:16AM,7/13     12:17PM
m3,TRUE,-15,ISL,s52954 y,144,6/26,bag and tag,,1,,6/8     7:00AM,7/13     11:22AM,7/13     11:33AM
stg,TRUE,-11,ISL,s53013 y,288,6/30,Bag and tag,,1,,6/14     8:18AM,7/11     1:17PM,7/13     11:32AM
stg,TRUE,-9,Brands,s52841,1,7/5,,,1,,7/6     8:27AM,7/6     11:01AM,7/13     11:32AM
stg,TRUE,-8,AKA Mktg,s52835,25,7/6,,,1,,7/6     8:24AM,7/13     11:23AM,7/13     11:32AM
stg,TRUE,-5,Summit,s53247,14,7/12,,,1,,7/6     8:29AM,7/10     8:13AM,7/13     12:16PM
stg,TRUE,-4,UEI,s53335,11,7/13,,,1,,7/12     6:29AM,7/16     12:20AM,7/17     6:23AM
stg,TRUE,-4,Lanmarx,s53386,180,7/13,3 loc/Rush,,1,,7/12     6:24AM,7/13     9:35AM,7/17     6:22AM
m3,TRUE,-4,Moniker,s53244,60,7/13,ASAP,,1,,7/11     9:17AM,7/13     5:18AM,7/17     6:22AM
m1,TRUE,-4,Summit,s53235,48,7/13,,,1,,7/6     8:28AM,7/11     1:17PM,7/17     8:05AM
m1,TRUE,-4,Lanmarx,s53390,65,7/13,,,1,,7/12     6:28AM,7/13     10:47AM,7/18     6:22AM
stg,TRUE,-3,Creativitees,s53089,8,7/17,,,1,,7/11     6:12AM,7/11     10:37AM,7/18     6:22AM
m6,TRUE,0,TLJ Mrk,s53242,255,7/18,,,1,,7/10     8:13AM,7/13     11:47AM,7/18     6:22AM
m3,TRUE,1,TC Venture,s53451,24,7/19,,,1,,7/13     6:05AM,7/13     11:47AM,7/18     6:20AM
m3,TRUE,-12,Turner,s53130 n,4,6/29,,,2,,6/27     8:15AM,7/6     11:00AM,7/13     12:17PM
m6,TRUE,-11,ISL,s53012 y,288,6/30,Bag and tag,,2,,6/14     8:18AM,7/13     11:23AM,7/13     11:32AM
m6,TRUE,-11,ISL,s53015 y,576,6/30,Bag and tag,,2,,6/14     8:18AM,7/13     11:23AM,7/13     11:32AM
m6,TRUE,-11,ISL,s53018 y,144,6/30,Bag and tag,,2,,6/14     8:18AM,7/13     11:23AM,7/13     11:32AM
m4,TRUE,-11,summit,s52882 y,48,6/30,-,,2,,6/22     11:02AM,7/13     11:23AM,7/13     11:33AM
m1,TRUE,-11,ISL,s53017 y,144,6/30,Bag and tag,,2,,6/14     8:18AM,7/11     1:17PM,7/13     12:17PM
stg,TRUE,-9,corp,s53245 n,4,7/5,-,,2,,6/26     2:31PM,7/13     11:22AM,7/13     11:32AM
stg,TRUE,-8,corp,s53137 n,40,7/6,-,,2,,6/22     9:31AM,7/13     11:22AM,7/13     11:32AM
stg,TRUE,-7,Logo Logix,s53134,123,7/10,,,3,,6/27     8:17AM,7/10     8:13AM,7/18     6:18AM